<Loif>
<append xpath="/recipes">
<recipe name="ammo9VoltBattery" count="200" craft_area="workbench" tags="workbenchCrafting">
	<ingredient name="carBattery" count="1"/>
	<ingredient name="resourceElectricParts" count="50"/>
	<ingredient name="resourceBulletCasing" count="200"/>
</recipe>

<recipe name="ammo9VoltBattery" count="3" craft_area="workbench" tags="workbenchCrafting">
	<ingredient name="resourceElectricParts" count="1"/>
	<ingredient name="resourceBulletCasing" count="3"/>
</recipe>
	
<recipe name="gunStungunT1" count="1" craft_area="workbench" tags="workbenchCrafting,perkElectrocutioner">
	<ingredient name="meleeWpnBatonT2StunBatonParts" count="2"/>
	<ingredient name="gunHandgunT1PistolParts" count="2"/>
	<ingredient name="resourceElectricParts" count="3"/>
	<ingredient name="resourceForgedIron" count="10"/>
	<ingredient name="resourceDuctTape" count="2"/>

<effect_group>
		<passive_effect name="CraftingIngredientCount" level="2,6" operation="perc_add" value=".5,2.5" tags="gunHandgunT1PistolParts,meleeWpnBatonT2StunBatonParts,resourceDuctTape,resourceForgedIron,resourceElectricParts"/>
	</effect_group>

</recipe>


</append>
</Loif>