<Loif>
<append xpath="/recipes">




<recipe name="gunRifleT3Railgun" count="1" craft_area="workbench" tags="learnable,perkDeadEye">
	<ingredient name="gunRifleT1HuntingRifleParts" count="6"/>
	<ingredient name="resourceForgedSteel" count="30"/>
	<ingredient name="resourceDuctTape" count="10"/>
	<ingredient name="resourceMetalPipe" count="20"/>
	<ingredient name="ammo9VoltBattery" count="100"/>
	<effect_group>
		<passive_effect name="CraftingIngredientCount" level="2,6" operation="perc_add" value=".5,2.5" tags="gunRifleT1HuntingRifleParts,resourceForgedSteel,resourceDuctTape,resourceMetalPipe,ammo9VoltBattery"/>
	</effect_group>
</recipe>



<recipe name="ammoRailgunRod" count="1" craft_area="workbench" tags="workbenchCrafting">
	<ingredient name="resourceMetalPipe" count="1"/>
	<ingredient name="resourceScrapIron" count="10"/>
	<ingredient name="resourceGlue" count="1"/>
</recipe>






<recipe name="ammo9VoltBattery" count="200" craft_area="workbench" tags="workbenchCrafting">
	<ingredient name="carBattery" count="1"/>
	<ingredient name="resourceElectricParts" count="50"/>
	<ingredient name="resourceBulletCasing" count="200"/>
</recipe>

<recipe name="ammo9VoltBattery" count="3" craft_area="workbench" tags="workbenchCrafting">
	<ingredient name="resourceElectricParts" count="1"/>
	<ingredient name="resourceBulletCasing" count="3"/>
</recipe>

<!-- 			Fun test, but doesnt work.
<recipe name="ammo9VoltBattery" count="100" craft_area="workbench" tags="workbenchCrafting">
	<ingredient name="unit_lead" count="200"/>
	<ingredient name="resourceAcid" count="1"/>
	<ingredient name="resourceBulletCasing" count="100"/>
</recipe>
-->
	
<recipe name="gunStungunT1" count="1" craft_area="workbench" tags="workbenchCrafting,perkElectrocutioner">
	<ingredient name="meleeWpnBatonT2StunBatonParts" count="2"/>
	<ingredient name="gunHandgunT1PistolParts" count="2"/>
	<ingredient name="resourceElectricParts" count="3"/>
	<ingredient name="resourceForgedIron" count="10"/>
	<ingredient name="resourceDuctTape" count="2"/>

<effect_group>
		<passive_effect name="CraftingIngredientCount" level="2,6" operation="perc_add" value=".5,2.5" tags="gunHandgunT1PistolParts,meleeWpnBatonT2StunBatonParts,resourceDuctTape,resourceForgedIron,resourceElectricParts"/>
	</effect_group>

</recipe>


<recipe name="gunShotgunT2Thunderbuss" count="1" craft_area="workbench" tags="workbenchCrafting,perkBoomstick">
	<ingredient name="gunShotgunT1DoubleBarrelParts" count="3"/>
	<ingredient name="gunBotRoboticsParts" count="3"/>
	<ingredient name="resourceForgedIron" count="20"/>
	<ingredient name="resourceForgedSteel" count="20"/>
	<ingredient name="resourceDuctTape" count="3"/>

	<effect_group>
		<passive_effect name="CraftingIngredientCount" level="2,6" operation="perc_add" value=".5,2.5" tags="gunShotgunT1DoubleBarrelParts,gunBotRoboticsParts,resourceDuctTape,resourceForgedIron,resourceForgedSteel"/>
	</effect_group>

</recipe>

<recipe name="ammoThunderbuss" count="1" craft_time="12" tags="workbenchCrafting">
	<ingredient name="resourceRockSmall" count="10"/>
	<ingredient name="resourceGunPowder" count="5"/>
	<ingredient name="resourceClayLump" count="5"/>
	<ingredient name="resourceScrapPolymers" count="5"/>
</recipe>


</append>
</Loif>