<Loif>
<append xpath="/recipes">

<recipe name="ammo9VoltBattery" count="200" craft_area="workbench" tags="workbenchCrafting">
	<ingredient name="carBattery" count="1"/>
	<ingredient name="resourceElectricParts" count="50"/>
	<ingredient name="resourceBulletCasing" count="300"/>
</recipe>

<recipe name="ammo9VoltBattery" count="3" craft_area="workbench" tags="workbenchCrafting">
	<ingredient name="resourceElectricParts" count="1"/>
	<ingredient name="resourceBulletCasing" count="3"/>
</recipe>
	
</append>
</Loif>