<Loif>

<append xpath="/lootcontainers/lootgroup[@name='groupAmmoRegularT0']">
	<item name="ammo9VoltBattery"/>
</append>

<append xpath="/lootcontainers/lootgroup[@name='groupWeaponsT1_Ranged']">
	<item name="gunStungunT1"/>
	
</append>

<append xpath="/lootcontainers/lootgroup[@name='schematicsModsAndGeneralT0']">
	<item name="gunStungunT1Schematic"/>
	<item name="ammo9VoltBatterySchematic"/>
</append>
<append xpath="/lootcontainers/lootgroup[@name='schematicsModsAndGeneralT1']">
	<item name="gunStungunT1Schematic"/>
	<item name="ammo9VoltBatterySchematic"/>
	
</append>
</Loif>