	<!-- Start of Modded stuff -->
	
<append xpath="/entityclasses/entity_classes">
	<entity_class name="zombieSpiderBaby" extends="zombieTemplateMale">
		<property name="Tags" value="entity,zombie"/>
		<property name="Mesh" value="#Entities/Zombies?Zombies/zombieStandardSpiderRagdoll.prefab"/>
		<property name="AvatarController" value="AvatarZombie01Controller"/>
		<property name="RootMotion" value="true"/>
		<property name="HasDeathAnim" value="true"/>
		<property name="ModelType" value="Standard"/>
		<property name="WalkType" value="8"/>
		<property name="Mass" value="75"/>
		<property name="LookAtAngle" value="0"/>
		<property name="SizeScale" value=".4"/>

		<property name="SoundRandom" value="Enemies/Spider_Zombie/spiderroam"/>
		<property name="SoundAlert" value="Enemies/Spider_Zombie/spideralert"/>
		<property name="SoundAttack" value="Enemies/Spider_Zombie/spiderattack"/>
		<property name="SoundDeath" value="Enemies/Spider_Zombie/spiderdeath"/>
		<property name="SoundHurt" value="Enemies/Spider_Zombie/spiderpain"/>
		<property name="SoundSense" value="Enemies/Spider_Zombie/spidersense"/>

		<property name="DismemberMultiplierHead" value="0"/>
		<property name="DismemberMultiplierArms" value="0"/>
		<property name="DismemberMultiplierLegs" value="0"/>
		<property name="LegCrawlerThreshold" value="0"/>
		<property name="LegCrippleThreshold" value="0"/>
		<property name="KnockdownProneDamageThreshold" value="0"/>
		<property name="KnockdownKneelDamageThreshold" value="0"/>

		<property name="AINoiseSeekDist" value="3"/>
		<property name="AIPathCostScale" value=".6, 1"/>
		<property name="AITask-1" value="Leap"/>
		<property name="AITask-2" value="BreakBlock"/>
		<property name="AITask-3" value="DestroyArea"/>
		<property name="AITask-4" value="Territorial"/>
		<property name="AITask-5" value="ApproachDistraction"/>
		<property name="AITask-6" value="ApproachAndAttackTarget" data="class=EntityNPC,0,EntityEnemyAnimal,0,EntityPlayer,0"/>
		<property name="AITask-7" value="ApproachSpot"/>
		<property name="AITask-8" value="Look"/>
		<property name="AITask-9" value="Wander"/>
		<property name="AITask-10" value=""/>

		<!-- Gameplay -->
		<property name="MoveSpeed" value="0.08"/>
		<property name="MoveSpeedAggro" value="0.2, 1.35"/>
		<property name="MoveSpeedPanic" value="1.2"/>
		<property name="SwimSpeed" value="1.3"/>
		<property name="SwimStrokeRate" value="1.5,1.7"/>
		<property name="CanClimbVertical" value="true"/>
		<property name="JumpMaxDistance" value="7, 12"/>

		<effect_group name="Base Effects">
		<passive_effect name="HealthMax" operation="base_set" value="150"/>
		<passive_effect name="HealthMax" operation="perc_set" value="1.5"/> <!-- Zombie HP scale -->
		</effect_group>
	</entity_class>

<!-- End of Modded stuff -->


<!-- Start  -->
<!-- Start of Modded stuff -->

	<entity_class name="animalZombieVultureBig" extends="animalTemplateHostile">
		<property name="Tags" value="entity,animal,zombie,hostile,vulture"/>
		<property name="Class" value="EntityVulture"/>
		<property name="EntityType" value="Zombie"/>
		<property name="AvatarController" value="AvatarAnimalController"/>
		<property name="ModelType" value="Standard"/>
		<property name="HasRagdoll" value="true"/>
		<property name="PhysicsBody" value="vulture"/>
		<property name="Mass" value="35"/>
		<property name="Mesh" value="Animals/Vulture/animalVultureStandardRagdoll"/>
		<property name="SizeScale" value="5"/>

		<property name="AITask-1" value=""/>
		<property name="AITarget-1" value=""/>
		<property name="AITask-2" value="RangedAttackTarget" data="itemType=1;cooldown=4;duration=5"/>
		<property name="AITask-3" value="ApproachAndAttackTarget" data="class=EntityEnemyAnimal,0,EntityPlayer"/>
		<property name="AITask-4" value="ApproachSpot"/>
		<property name="AITask-5" value="Look"/>
		<property name="AITask-6" value="Wander"/>
		<property name="AITask-7" value=""/><!-- Marks end, so we don't inheirit -->

		<property name="SoundRandom" value="Animals/Vulture/vultureroam"/>
		<property name="SoundAlert" value="Animals/Vulture/vulturealert"/>
		<property name="SoundHurt" value="Animals/Vulture/vulturepain"/>
		<property name="SoundDeath" value="Animals/Vulture/vulturedeath"/>
		<property name="SoundAttack" value="Animals/Vulture/vultureattack"/>
		<property name="SoundSense" value="Animals/Vulture/vulturesense"/>
		<property name="SoundGiveUp" value="Animals/Vulture/vulturegiveup"/>

		<!-- Stealth -->
		<property name="SightRange" value="140"/>

		<!-- Gameplay -->
		<property name="MoveSpeed" value="1.8"/>
		<property name="MoveSpeedAggro" value="2.4, 2.8"/> <!-- Used when player in vehicle -->
		<property name="MaxTurnSpeed" value="120"/>

		<property name="HandItem" value="meleeHandAnimalZombieVultureBig"/>
		<property name="Immunity" value="sickness;disease;wellness"/> <!-- bleeding; -->

		<property name="DismemberMultiplierLegs" value="0"/>
		<property name="PainResistPerHit" value="-1"/> <!-- no pain -->

		<property name="DeadBodyHitPoints" value="1000"/>
		<drop event="Harvest" name="foodRawMeat" count="0" tool_category="Butcher"/>
		<drop event="Harvest" name="foodRottingFlesh" tag="butcherHarvest" count="24"/> <!-- animalZombieVulture -->
		<drop event="Harvest" name="resourceFeather" tag="butcherHarvest" count="120"/>
		<drop event="Harvest" name="resourceBone" tag="butcherHarvest" count="48"/>
		<drop event="Harvest" name="resourceBone" tag="allToolsHarvest" count="24"/>
		<drop event="Harvest" name="resourceBone" tag="allToolsHarvest" count="24"/>
		<drop event="Harvest" name="foodRottingFlesh" count="8" tag="WasteTreasuresCompleteHarvest"/>
		<drop event="Harvest" name="resourceLeather" count="8" tag="WasteTreasuresCompleteHarvest"/>
		<drop event="Harvest" name="resourceBone" count="8" tag="WasteTreasuresCompleteHarvest"/>

		<effect_group name="Base Effects">
			<passive_effect name="HealthMax" operation="base_set" value="250"/>
			<passive_effect name="HealthMax" operation="perc_set" value="8"/> <!-- Zombie HP scale -->
		</effect_group>
	</entity_class>
</append>

