<append xpath="/entitygroups/entitygroups/entitygroup[@name=ZombiesNight]">
	<entity name="zombieSpiderBaby" prob=".4"/>
</append>

<append xpath="/entitygroups/entitygroups/entitygroup[@name=ZombiesWasteland]">
	<entity name="zombieSpiderBaby"/>
</append>

<append xpath="/entitygroups/entitygroups/entitygroup[@name=ZombiesWastelandNight]">
	<entity name="zombieSpiderBaby"/>
	<entity name="animalZombieVultureBig" prob="0.1"/>
</append>

<append xpath="/entitygroups/entitygroups/entitygroup[@name=ZombiesWastelandNightNoBears]">
	<entity name="zombieSpiderBaby"/>
	<entity name="animalZombieVultureBig" prob="0.1"/>
</append>

<append xpath="/entitygroups/entitygroups/entitygroup[@name=ZombiesWastelandNight2]">
	<entity name="zombieSpiderBaby"/>
	<entity name="animalZombieVultureBig" prob="0.1"/>
</append>

<append xpath="/entitygroups/entitygroups/entitygroup[@name=ZombiesWastelandNight2NoBears]">
	<entity name="zombieSpiderBaby"/>
</append>

<append xpath="/entitygroups/entitygroups/entitygroup[@name=ZombiesHoard]">
	<entity name="zombieSpiderBaby"/>
</append>

<append xpath="/entitygroups/entitygroups/entitygroup[@name=EnemyAnimalsDesert]">
	<entity name="animalZombieVultureBig" prob="0.1"/>
</append>

<append xpath="/entitygroups/entitygroups/entitygroup[@name=EnemyAnimalsWasteland]">
	<entity name="animalZombieVultureBig" prob="0.1"/>
</append>

<append xpath="/entitygroups/entitygroups">
	<entitygroup name="animalZombieVultureBigGroup">
		<entity name="animalZombieVultureBig"/>
	</entitygroup>

	<entitygroup name="zombieSpiderBabyGroup">
		<entity name="zombieSpiderBaby"/>
	</entitygroup>
</append>

<append xpath="/entitygroups/entitygroups/entitygroup[@name=wanderingHordeStageGS31]">
	<entity name="animalZombieVultureBig" prob="0.01"/>
</append>

<append xpath="/entitygroups/entitygroups/entitygroup[@name=wanderingHordeStageGS41]">
	<entity name="animalZombieVultureBig" prob="0.01"/>
</append>

<append xpath="/entitygroups/entitygroups/entitygroup[@name=wanderingHordeStageGS70]">
	<entity name="animalZombieVultureBig" prob="0.01"/>
</append>

<append xpath="/entitygroups/entitygroups/entitygroup[@name=FwanderingHordeStageGS27]">
	<entity name="animalZombieVultureBig" prob="0.01"/>
</append>

<append xpath="/entitygroups/entitygroups/entitygroup[@name=scoutHordeStageGS36]">
	<entity name="animalZombieVultureBig" prob="0.01"/>
</append>

<append xpath="/entitygroups/entitygroups/entitygroup[@name=scoutHordeStageGS46]">
	<entity name="animalZombieVultureBig" prob="0.01"/>
</append>

<append xpath="/entitygroups/entitygroups/entitygroup[@name=scoutHordeStageGS58]">
	<entity name="animalZombieVultureBig" prob="0.01"/>
</append>

<append xpath="/entitygroups/entitygroups/entitygroup[@name=scoutHordeStageGS64]">
	<entity name="animalZombieVultureBig" prob="0.01"/>
</append>

<append xpath="/entitygroups/entitygroups/entitygroup[@name=scoutHordeStageGS82]">
	<entity name="animalZombieVultureBig" prob="0.01"/>
</append>

<append xpath="/entitygroups/entitygroups/entitygroup[@name=scoutHordeStageGS110]">
	<entity name="animalZombieVultureBig" prob="0.01"/>
</append>

<append xpath="/entitygroups/entitygroups/entitygroup[@name=scoutHordeStageGS140]">
	<entity name="animalZombieVultureBig" prob="0.01"/>
</append>

<append xpath="/entitygroups/entitygroups/entitygroup[@name=scoutHordeStageGS189]">
	<entity name="animalZombieVultureBig" prob="0.01"/>
</append>


<append xpath="/entitygroups/entitygroups/entitygroup[@name=scoutHordeStageGS243]">
	<entity name="animalZombieVultureBig" prob="0.01"/>
</append>
<append xpath="/entitygroups/entitygroups/entitygroup[@name=scoutHordeStageGS343]">
	<entity name="animalZombieVultureBig" prob="0.01"/>
</append>
<append xpath="/entitygroups/entitygroups/entitygroup[@name=scoutHordeStageGS476]">
	<entity name="animalZombieVultureBig" prob="0.01"/>
</append>
<append xpath="/entitygroups/entitygroups/entitygroup[@name=scoutHordeStageGS598]">
	<entity name="animalZombieVultureBig" prob="0.01"/>
</append>


