<append xpath="/gamestages/gamestages/spawner[@name=WanderingHorde]">
	<gamestage stage="75"><spawn group="zombieSpiderBabyGroup"	num="25" maxAlive="60" duration="09"/></gamestage>
	<gamestage stage="100"><spawn group="animalZombieVultureBigGroup"	num="04" maxAlive="30" duration="09"/></gamestage>
	<gamestage stage="08"><spawn group="animalZombieVultureBigGroup"	num="02" maxAlive="30" duration="09"/></gamestage>
	<gamestage stage="28"><spawn group="wanderingHordeStageGS41"	num="09" maxAlive="30" duration="09"/></gamestage>
	<gamestage stage="47"><spawn group="animalZombieVultureBigGroup"	num="02" maxAlive="30" duration="09"/></gamestage>
	<gamestage stage="50"><spawn group="animalZombieVultureBigGroup"	num="02" maxAlive="30" duration="09"/></gamestage>


</append>

<append xpath="/gamestages/gamestages/spawner[@name=ZombieSpiderOnlyHorde]">
	<gamestage stage="75"><spawn group="zombieSpiderBabyGroup"	num="25" maxAlive="60" duration="09"/></gamestage>
</append>


























