<Loif>
<append xpath="/items">

<item name="gunShotgunT2Thunderbuss">
	<property name="Tags" value="weapon,ranged,holdBreathAiming,reloadPenalty,gun,shotgun,shortRange,sideAttachments,bottomAttachments,stock,noSilencer,attStrength,perkBoomstick,canHaveCosmetic"/>
	<property name="DisplayType" value="rangedShotgun"/>
	<property name="HoldType" value="39"/>
	<property name="Meshfile" value="#Other/Items?Weapons/Ranged/blunderbuss/blunderbussPrefab.prefab"/>
	<property name="Material" value="Mmetal"/>
	<property name="RepairTools" value="resourceMetalPipe"/>
	<property name="DegradationBreaksAfter" value="false"/>
	<property name="SoundJammed" value="weapon_jam"/>
	<property name="CrosshairOnAim" value="true"/> <!-- aimTest -->
	<property name="CrosshairUpAfterShot" value="true"/> <!-- aimTest -->
	<property name="Sound_Sight_In" value="rifle_sight_in"/>
	<property name="Sound_Sight_Out" value="rifle_sight_out"/>
	<property name="Group" value="Ammo/Weapons"/>
	<property name="RepairExpMultiplier" value="10.8"/>
	<property name="EconomicValue" value="250"/>
	<property name="ShowQuality" value="true"/>

	<property class="Action0">
		<property name="Class" value="Ranged"/>
		<property name="Delay" value=".8"/> <!-- obsolete if rounds per minute exists -->
		<!-- <property name="Range" value="40"/> -->
		<property name="Magazine_items" value="ammoThunderbuss"/>
		<property name="Reload_time" value="3.9"/>
		<property name="Sound_start" value="blunderbuss_fire"/>
		<property name="Sound_repeat" value=""/>
		<property name="Sound_end" value=""/>
		<property name="Sound_empty" value="dryfire"/>
		<property name="Sound_reload" value="blunderbuss_reload"/>
		<property name="AutoReload" value="false"/>
		<property name="Particles_muzzle_fire" value="gunfire_blunderbuss"/>
		<property name="Particles_muzzle_fire_fpv" value="gunfire_blunderbuss_fpv"/>
		<!-- <property name="DamageBonus.head" value="3"/>
		<property name="DamageBonus.wood" value="2.5"/>
		<property name="DamageBonus.earth" value=".2"/> -->
		<property name="ScopeOffset" value="-.00062,.088,.065"/>
		<property name="SideOffset" value="0,0,0"/>
		<property name="BarrelOffset" value="0,0,0"/>
		<requirement name="CVarCompare" cvar="_underwater" operation="LT" value=".98"/>
	</property>
	<property class="Action1">
		<property name="Class" value="Zoom"/>
		<property name="Zoom_max_out" value="55"/>
		<property name="Zoom_max_in" value="55"/>
	</property>

	<effect_group name="Junk Sledge pushback / knockdown">
		
		<requirement name="!EntityTagCompare" target="other" tags="trader"/>
			<triggered_effect trigger="onSelfAttackedOther" action="Ragdoll" target="other" duration=".2" force="800">
				<requirement name="ProgressionLevel" progression_name="perkTurrets" operation="LTE" value="1"/>
				<requirement name="RandomRoll" seed_type="Random" min_max="0,100" operation="LTE" value="30"/>
			</triggered_effect>

			<triggered_effect trigger="onSelfAttackedOther" action="Ragdoll" target="other" duration=".2" force="850">
				<requirement name="ProgressionLevel" progression_name="perkTurrets" operation="GTE" value="2"/>
				<requirement name="ProgressionLevel" progression_name="perkTurrets" operation="LTE" value="4"/>
				<requirement name="RandomRoll" seed_type="Random" min_max="0,100" operation="LTE" value="35"/>
			</triggered_effect>

			<triggered_effect trigger="onSelfAttackedOther" action="Ragdoll" target="other" duration=".2" force="800">
				<requirement name="ProgressionLevel" progression_name="perkTurrets" operation="GTE" value="5"/>
				<requirement name="RandomRoll" seed_type="Random" min_max="0,100" operation="LTE" value="40"/>
			</triggered_effect>
	</effect_group>


	<effect_group name="gunShotgunT0Blunderbuss">
		<passive_effect name="RoundsPerMinute" operation="base_set" value="75" tags="perkBoomstick"/>
		<passive_effect name="BurstRoundCount" operation="base_set" value="1" tags="perkBoomstick"/>

		<passive_effect name="MagazineSize" operation="base_set" value="1" tags="perkBoomstick"/>
		<passive_effect name="ReloadSpeedMultiplier" operation="base_set" value="1" tags="perkBoomstick"/> <!-- 3.9s -->
		<passive_effect name="ModSlots" operation="base_set" value="1,1,2,2,3,4,5,6" tier="1,2,3,4,5,6,7,8"/>
		<passive_effect name="ModPowerBonus" operation="perc_add" value=".10" tags="EntityDamage,BlockDamage"/>
		<passive_effect name="ModPowerBonus" operation="base_add" value="300" tags="EconomicValue"/>
		<passive_effect name="EntityDamage" operation="perc_add" value=".1,.8" tier="2,8" tags="perkBoomstick"/> <!-- tier bonus -->
		<passive_effect name="BlockDamage" operation="perc_add" value=".1,.8" tier="2,8" tags="perkBoomstick"/> <!-- tier bonus -->

		<passive_effect name="WeaponHandling" operation="base_set" value="1.9" tags="perkBoomstick"/>
		<passive_effect name="WeaponHandling" operation="perc_add" value="-.08,.08" tags="perkBoomstick"/> <!-- random WeaponHandling -->

		<passive_effect name="SpreadDegreesVertical" operation="base_set" value="6.5" tags="perkBoomstick"/>
		<passive_effect name="SpreadDegreesHorizontal" operation="base_set" value="8" tags="perkBoomstick"/>
		<passive_effect name="SpreadMultiplierAiming" operation="perc_add" value="-.13" tags="perkBoomstick"/>
		<passive_effect name="SpreadMultiplierCrouching" operation="perc_add" value="-.05" tags="perkBoomstick"/>
		<passive_effect name="SpreadMultiplierWalking" operation="perc_add" value=".15" tags="perkBoomstick"/>
		<passive_effect name="SpreadMultiplierRunning" operation="perc_add" value=".3" tags="perkBoomstick"/>

		<passive_effect name="KickDegreesVerticalMin" operation="base_set" value="8" tags="perkBoomstick"/>
		<passive_effect name="KickDegreesVerticalMax" operation="base_set" value="8" tags="perkBoomstick"/>
		<passive_effect name="KickDegreesHorizontalMin" operation="base_set" value="-4" tags="perkBoomstick"/>
		<passive_effect name="KickDegreesHorizontalMax" operation="base_set" value="4" tags="perkBoomstick"/>
		<passive_effect name="IncrementalSpreadMultiplier" operation="base_set" value="0" tags="perkBoomstick"/>

		<passive_effect name="DegradationMax" operation="base_set" value="50,116" tier="1,8" tags="perkBoomstick"/>
		<passive_effect name="DegradationPerUse" operation="base_set" value="1" tags="perkBoomstick"/>
		<display_value name="dStatStunEffect" value="4"/>
	</effect_group>

</item>



<item name="gunStungunT1">
	<property name="Tags" value="weapon,ranged,perkElectrocutioner,holdBreathAiming,reloadPenalty,gun,shortRange,pistol,barrelAttachments,sideAttachments,smallTopAttachments,attIntellect,canHaveCosmetic"/>
	<property name="DisplayType" value="rangedGun"/>
	<property name="HoldType" value="1"/>
	<property name="Meshfile" value="#Other/Items?Weapons/Ranged/Pistol/PistolPrefab.prefab"/>
	<property name="Material" value="MHandGunParts"/> <property name="Weight" value="4"/>
	<property name="RepairTools" value="resourceRepairKit"/>
	<property name="DegradationBreaksAfter" value="false"/>
	<property name="CustomIcon" value="gunStungun" />
	<property name="SoundJammed" value="weapon_jam"/>
	<property name="Attachments" value="meleeToolFlashlight02"/>
	<property name="CrosshairOnAim" value="true"/> <!-- aimTest -->
	<property name="CrosshairUpAfterShot" value="true"/> <!-- aimTest -->
	<property name="Sound_Sight_In" value="pistol_sight_in"/>
	<property name="Sound_Sight_Out" value="pistol_sight_out"/>
	<property name="LightSource" value="lightSource"/> <!-- Start: Needed for the attachment flashlight -->
	<property name="ActivateObject" value="Attachments/flashlight/lightSource"/>
	<property name="AttachmentFlashlight" value="flashlight02"/> <!-- End: Needed for the attachment flashlight -->
	<property name="Group" value="Ammo/Weapons"/>
	<property name="RepairExpMultiplier" value="10.8"/>
	<property name="LightValue" value=".45"/>
	<property name="EconomicValue" value="500"/>
	<property name="UnlockedBy" value="perkElectrocutioner,gunStungunT1Schematic"/>
	<property name="ShowQuality" value="true"/>

	<property class="Action0">
		<property name="Class" value="Ranged"/>
		<property name="Magazine_items" value="ammo9VoltBattery"/>
		<property name="Sound_start" value="Pistol_Fire"/>
		<property name="Sound_loop" value="Pistol_Fire"/>
		<property name="Sound_end" value=""/>
		<property name="Sound_empty" value="dryfire"/>
		<property name="Sound_reload" value="pistol_reload"/>
		<property name="Particles_muzzle_fire" value="gunfire_pistol"/>
		<property name="Particles_muzzle_fire_fpv" value="gunfire_pistol_fpv"/>
		<requirement name="CVarCompare" cvar="_underwater" operation="LT" value=".98"/>
	</property>
	<property class="Action1">
		<property name="Class" value="Zoom"/>
		<property name="Zoom_max_out" value="55"/>
		<property name="Zoom_max_in" value="55"/>
		<property name="ScopeCameraOffset" value="0,.0008,0"/>
	</property>

	<effect_group name="gunStunGun">
		<passive_effect name="MaxRange" operation="base_set" value="50" tags="perkElectrocutioner"/>
		<passive_effect name="DamageFalloffRange" operation="base_set" value="18" tags="perkElectrocutioner"/>
		<passive_effect name="DamageFalloffRange" operation="perc_add" value="-.2,.2" tags="perkElectrocutioner"/> <!-- random effective rng -->

		<passive_effect name="RoundsPerMinute" operation="base_set" value="420" tags="perkElectrocutioner"/>
		<!--
		<property name="Delay" value=".8"/>
		-->
		<passive_effect name="BurstRoundCount" operation="base_set" value="2" tags="perkElectrocutioner"/>

		<passive_effect name="MagazineSize" operation="base_set" value="2" tags="perkElectrocutioner"/>
		<passive_effect name="ReloadSpeedMultiplier" operation="base_set" value="1" tags="perkElectrocutioner"/> <!-- 2s -->
		<passive_effect name="ModSlots" operation="base_set" value="1,1,2,2,3,4,5,6" tier="1,2,3,4,5,6,7,8"/>
		<passive_effect name="ModPowerBonus" operation="perc_add" value=".10" tags="EntityDamage,BlockDamage"/>
		<passive_effect name="ModPowerBonus" operation="base_add" value="300" tags="EconomicValue"/>

		<passive_effect name="EntityDamage" operation="perc_add" value="0,.0" tags="perkElectrocutioner"/> <!-- random EntityDmg -->
		<passive_effect name="EntityDamage" operation="perc_add" value=".1,.8" tier="2,8" tags="perkElectrocutioner"/> <!-- tier bonus -->
		<passive_effect name="BlockDamage" operation="perc_add" value="0,0" tags="perkElectrocutioner"/> <!-- random BlockDmg -->
		<passive_effect name="BlockDamage" operation="perc_add" value=".1,.8" tier="2,8" tags="perkElectrocutioner"/> <!-- tier bonus -->

		<passive_effect name="DegradationMax" operation="perc_add" value="-.2,.2" tags="perkElectrocutioner"/> <!-- random DegMax -->
		<passive_effect name="RoundsPerMinute" operation="perc_add" value="-.05,.05" tags="perkElectrocutioner"/> <!-- random APM -->
		<passive_effect name="MagazineSize" operation="perc_add" value="0"/> <!-- random MagazineSize -->
		<passive_effect name="WeaponHandling" operation="perc_add" value="-.08,.08" tags="perkElectrocutioner"/> <!-- random WeaponHandling -->

		<passive_effect name="SpreadDegreesVertical" operation="base_set" value="1.5" tags="perkElectrocutioner"/>
		<passive_effect name="SpreadDegreesHorizontal" operation="base_set" value="1.5" tags="perkElectrocutioner"/>
		<passive_effect name="SpreadMultiplierAiming" operation="base_set" value=".4" tags="perkElectrocutioner"/>
		<passive_effect name="SpreadMultiplierCrouching" operation="base_set" value=".8" tags="perkElectrocutioner"/>
		<passive_effect name="SpreadMultiplierWalking" operation="base_set" value="1.5" tags="perkElectrocutioner"/>
		<passive_effect name="SpreadMultiplierRunning" operation="base_set" value="2.2" tags="perkElectrocutioner"/>
S
		<passive_effect name="KickDegreesVerticalMin" operation="base_set" value=".7" tags="perkElectrocutioner"/>
		<passive_effect name="KickDegreesVerticalMax" operation="base_set" value=".8" tags="perkElectrocutioner"/>
		<passive_effect name="KickDegreesHorizontalMin" operation="base_set" value="-.25" tags="perkElectrocutioner"/>
		<passive_effect name="KickDegreesHorizontalMax" operation="base_set" value=".25" tags="perkElectrocutioner"/>

		<passive_effect name="IncrementalSpreadMultiplier" operation="base_set" value="2.0" tags="perkElectrocutioner"/>
		<passive_effect name="WeaponHandling" operation="base_set" value=".95" tags="perkElectrocutioner"/> <!-- crosshair reset speed -->

		<passive_effect name="DegradationMax" operation="base_set" value="250,516" tier="1,8" tags="perkElectrocutioner"/>
		<passive_effect name="DegradationPerUse" operation="base_set" value="1" tags="perkElectrocutioner"/>
	</effect_group>

	<effect_group name="apply damage buff, meleeWpnBatonT3PlasmaBaton">
		<requirement name="CVarCompare" cvar="stunBatonCharge" operation="GTE" value="40"/>
			<triggered_effect trigger="onSelfEquipStart" action="AddPart" part="Sparks" prefab="ItemModEffects/baton_electricityPrefab" parentTransform="Handle" localPos="0,.071,-.35" localRot="90,0,0"/>

			<triggered_effect trigger="onSelfPrimaryActionRayHit" action="AddBuff" target="other" buff="buffShocked"/>
			<triggered_effect trigger="onSelfSecondaryActionRayHit" action="AddBuff" target="other" buff="buffShocked"/>

			<triggered_effect trigger="onSelfPrimaryActionRayHit" action="AddBuff" target="otherAOE" range="1.1" target_tags="zombie,animal" buff="buffShocked">
				<requirement name="HasBuff" buff="buffDrugNerdTats"/>
			</triggered_effect>

			<triggered_effect trigger="onSelfPrimaryActionRayHit" action="RemovePart" part="Sparks"/>

			<triggered_effect trigger="onSelfPrimaryActionRayHit" action="ModifyCVar" cvar="stunBatonCharge" operation="set" value="0"/>
			<triggered_effect trigger="onSelfSecondaryActionRayHit" action="ModifyCVar" cvar="stunBatonCharge" operation="set" value="0"/>
	</effect_group>

<!--
needed?
			<requirement name="ItemHasTags" tags="perkElectrocutioner"/>

			<requirement name="EntityTagCompare" target="other" tags="human,zombie,animal"/>
-->

	<effect_group name="increase charges">
		<triggered_effect trigger="onSelfPrimaryActionRayHit" action="ModifyCVar" cvar="stunBatonCharge" operation="add" value="1">
			<requirement name="IsAlive" target="other"/>
		</triggered_effect>
		<triggered_effect trigger="onSelfSecondaryActionRayHit" action="ModifyCVar" cvar="stunBatonCharge" operation="add" value="2">
			<requirement name="IsAlive" target="other"/>
		</triggered_effect>

		<triggered_effect trigger="onSelfPrimaryActionRayHit" action="ModifyCVar" cvar="stunBatonCharge" operation="add" value="1">
			<requirement name="ProgressionLevel" progression_name="perkTechJunkie6BatonCharge" operation="Equals" value="1"/>
			<requirement name="IsAlive" target="other"/>
			<requirement name="RandomRoll" seed_type="Random" min_max="0,100" operation="LTE" value="25"/>
		</triggered_effect>

		<triggered_effect trigger="onSelfPrimaryActionRayHit" action="AddPart" part="Sparks" prefab="ParticleEffects/p_electric_shock_small" parentTransform="Handle" localPos="0,.071,-.35" localRot="90,0,0">
			<requirement name="CVarCompare" cvar="stunBatonCharge" operation="GTE" value="2"/>
			<requirement name="CVarCompare" cvar="stunBatonCharge" operation="LT" value="40"/>
		</triggered_effect>
		
		<triggered_effect trigger="onSelfPrimaryActionRayHit" action="AddPart" part="Sparks" prefab="ParticleEffects/p_electric_shock_small" parentTransform="Handle" localPos="0,.1,-.35" localRot="90,0,0">
			<requirement name="CVarCompare" cvar="stunBatonCharge" operation="GTE" value="2"/>
			<requirement name="CVarCompare" cvar="stunBatonCharge" operation="LT" value="40"/>
		</triggered_effect>

		<!-- the attack that applies the last +1 charge can not immediately trigger the effect -->
		<triggered_effect trigger="onSelfPrimaryActionEnd" action="ModifyCVar" cvar="stunBatonCharge" operation="set" value="40">
			<requirement name="CVarCompare" cvar="stunBatonCharge" operation="GTE" value="2"/>
		</triggered_effect>

		<triggered_effect trigger="onSelfPrimaryActionRayHit" action="PlaySound" sound="stunbaton_hit1">
			<requirement name="CVarCompare" cvar="stunBatonCharge" operation="Equals" value="1"/></triggered_effect>
		<triggered_effect trigger="onSelfPrimaryActionRayHit" action="PlaySound" sound="stunbaton_hit5">
			<requirement name="CVarCompare" cvar="stunBatonCharge" operation="GTE" value="2"/></triggered_effect>

		<!--<triggered_effect trigger="onSelfAttackedOther" action="PlaySound" sound="stunbaton_hit5">
			<requirement name="CVarCompare" cvar="stunBatonCharge" operation="Equals" value="1"/>
		</triggered_effect>-->
	</effect_group>

</item>

<!-- Ammo -->

<item name="ammoThunderbuss">
	<property name="Tags" value="ammo,shotgun"/>
	<property name="DisplayType" value="ammoShotgun"/>
	<property name="HoldType" value="45"/>
	<property name="Meshfile" value="#Other/Items?Misc/sackPrefab.prefab"/>
	<property name="DropMeshfile" value="#Other/Items?Misc/sack_droppedPrefab.prefab"/>
	<property name="Material" value="Mpaper"/>
	<property name="Stacknumber" value="150"/> <!-- STK ammo low -->
	<property name="Group" value="Ammo/Weapons"/>
	<property name="EconomicValue" value="5"/>
	<effect_group name="ammoBlunderbuss" tiered="false">
		<passive_effect name="EntityDamage" operation="base_set" value="10" tags="perkBoomstick"/>
		<passive_effect name="BlockDamage" operation="base_set" value=".5" tags="perkBoomstick"/>
		<passive_effect name="RoundRayCount" operation="base_set" value="20" tags="perkBoomstick"/>
		<passive_effect name="TargetArmor" operation="perc_add" value=".4" tags="perkBoomstick"/><display_value name="dTargetArmor" value=".4"/>
		<passive_effect name="MaxRange" operation="base_set" value="12" tags="perkBoomstick"/>
		<passive_effect name="DamageFalloffRange" operation="base_set" value="6" tags="perkBoomstick"/>
		<passive_effect name="EntityPenetrationCount" operation="base_set" value="1" tags="perkBoomstick"/>
		<passive_effect name="BlockPenetrationFactor" operation="base_set" value="0" tags="perkBoomstick"/>
		<passive_effect name="DamageModifier" operation="perc_add" value="-.8" tags="earth"/>
		<passive_effect name="DamageModifier" operation="perc_add" value="-.8" tags="wood"/>
	</effect_group>
</item>


<item name="ammo9VoltBattery">
	<property name="Tags" value="ammo"/>
	<property name="DisplayType" value="ammoBullet"/>
	<property name="HoldType" value="45"/>
	<property name="Meshfile" value="#Other/Items?Misc/sackPrefab.prefab"/>
	<property name="DropMeshfile" value="#Other/Items?Misc/sack_droppedPrefab.prefab"/>
	<property name="Material" value="Mbrass"/>
	<property name="CustomIcon" value="ammo9VoltBattery" />
	<property name="MeltTimePerUnit" value=".4"/>
	<property name="Stacknumber" value="300"/> <!-- STK ammo high -->
	<property name="EconomicValue" value="20"/>
	<property name="UnlockedBy" value="perkElectrocutioner,ammo9VoltBatterySchematic"/>
	<property name="Group" value="Ammo/Weapons"/>
	<effect_group name="ammo9VoltBattery" tiered="false">
		<passive_effect name="EntityDamage" operation="base_set" value="5" tags="perkElectrocutioner"/>
		<passive_effect name="BlockDamage" operation="base_set" value="1" tags="perkElectrocutioner"/>
		<passive_effect name="DamageModifier" operation="perc_add" value="-.8" tags="earth"/>
		<passive_effect name="DamageModifier" operation="perc_add" value="2" tags="wood"/>
	</effect_group>
</item>

<item name="ammoRubberBullet">
	<property name="Tags" value="ammo"/>
	<property name="DisplayType" value="ammoBullet"/>
	<property name="HoldType" value="45"/>
	<property name="Meshfile" value="#Other/Items?Misc/sackPrefab.prefab"/>
	<property name="DropMeshfile" value="#Other/Items?Misc/sack_droppedPrefab.prefab"/>
	<property name="Material" value="Mbrass"/>
	<property name="MeltTimePerUnit" value=".4"/>
	<property name="Stacknumber" value="300"/> <!-- STK ammo high -->
	<property name="EconomicValue" value="9"/>
	<property name="Group" value="Ammo/Weapons"/>
	<effect_group name="ammoRubberBullet" tiered="false">
		<passive_effect name="EntityDamage" operation="base_set" value="10" tags="perkGunslinger,9mmGun"/>
		<passive_effect name="BlockDamage" operation="base_set" value=".5" tags="perkGunslinger"/>
		<passive_effect name="DamageModifier" operation="perc_add" value="-.2" tags="earth"/>
		<passive_effect name="DamageModifier" operation="perc_add" value=".5" tags="wood"/>
		
		<display_value name="dStatStunEffect" operation="base_add" value="9223372036854775807" />

		<passive_effect name="SpreadDegreesVertical" operation="perc_add" value="0" />
		<passive_effect name="SpreadDegreesHorizontal" operation="perc_add" value="0" />
	</effect_group>
</item>


<!-- Ammo -->



<!-- Schematic -->

<item name="gunStungunT1Schematic">
	<property name="Extends" value="schematicMaster"/>
	<property name="CreativeMode" value="Player"/>
	<property name="CustomIcon" value="gunStungun"/>
	<property name="Unlocks" value="gunStungunT1"/>
	<effect_group tiered="false">
		<triggered_effect trigger="onSelfPrimaryActionEnd" action="ModifyCVar" cvar="gunStungunT1" operation="set" value="1"/>
		<triggered_effect trigger="onSelfPrimaryActionEnd" action="GiveExp" exp="50"/>
	</effect_group>
</item>

<item name="ammo9VoltBatterySchematic">
	<property name="Extends" value="schematicMaster"/>
	<property name="CreativeMode" value="Player"/>
	<property name="CustomIcon" value="ammo9VoltBattery"/>
	<property name="Unlocks" value="ammo9VoltBattery"/>
	<effect_group tiered="false">
		<triggered_effect trigger="onSelfPrimaryActionEnd" action="ModifyCVar" cvar="ammo9VoltBattery" operation="set" value="1"/>
		<triggered_effect trigger="onSelfPrimaryActionEnd" action="GiveExp" exp="50"/>
	</effect_group>
</item>

</append>
</Loif>